{
  "providers": [
    {
      "file": "minecraft:custom/inv.png",
      "type": "bitmap",
      "chars": ["\uEAAA"],
      "ascent": 52,
      "height": 256
    },
    {
      "file": "minecraft:custom/chest.png",
      "type": "bitmap",
      "chars": ["\uE821"],
      "ascent": 107,
      "height": 256
    },
    {
      "file": "minecraft:custom/chest2.png",
      "type": "bitmap",
      "chars": ["\uE822"],
      "ascent": 107,
      "height": 256
    },
    {
      "file": "minecraft:custom/space.png",
      "type": "bitmap",
      "chars": ["\uEBBB"],
      "ascent": -32768,
      "height": -10
    },
    {
      "type": "space",
      "advances": {
         "\uECCC": -102
      }
    },
    {
      "type": "space",
      "advances": {
         "\uECC1": -40
      }
    }
  ]
}
